Heitor do Prado Falkenbach, 2026-09-19 ,Pessoa Física
Marinês Ullian Falkenbach, 2026-09-19 ,Pessoa Física
Zeca Baleiro, 2026-09-19 ,Pessoa Física
Robert Carlos da Silveira, 2026-09-21 ,Pessoa Física
Maria antonieta, 2026-09-27 ,Pessoa Física
Paulo RUbens Cabral Falkenbach, 2026-09-27 ,Pessoa Física
Roberto Carlos, 2025-09-28 ,Pessoa Física
Roberto Carlos, 2025-09-28 ,Pessoa Física
Roberto Carlos, 2025-09-28 ,Pessoa Física
Roberto Carlos, 2025-09-28 ,Pessoa Física
Roberto Carlos, 2025-09-28 ,Pessoa Física
Roberto Carlos, 2025-09-28 ,Pessoa Física
Roberto Carlos, 2025-09-28 ,Pessoa Física
Roberto Carlos, 2025-09-28 ,Pessoa Física
Roberto Carlos, 2025-09-28 ,Pessoa Física
Roberto Carlos, 2025-09-28 ,Pessoa Juridica
Luciano Hulk, 2026-09-27 ,Pessoa Juridica
